Column1;Направление / компонент;Измерение (аспект);Индикатор;Способ измерения;Категория;Подкатегория;Тип источника;Метод рассчета;Дезагрегирование данных;Доступность в Кыргызстане (Поставьте галочку, если данные доступны);Источник данных (учреждение, обладающее данными);Ответственное учреждение;Имя контактного лица;адрес эл.почты контактного лица;номер телефона контактного лица;Комментарий по расхождениям в данных / соответствию метаданным;Доступны ли данные в динамике? За какие годы?
1;Уголовные преступления в соответствии с КПК ООН;a.1 Подкуп национальных публичных должностных лиц;a.1.1 Распространенность подкупа во взаимоотношениях с публичными должностными лицами  среди населения;Прямая оценка;;;Опрос населения;Показатель рассчитывается как общее количество лиц, которые дали хотя бы одну взятку государственному должностному лицу (или у которых ее потребовали) за последние 12 месяцев, деленное на общее количество лиц, имевших хотя бы один контакт с государственным должностным лицом за тот же период, и умноженное на 100.;"•	возраст и пол лиц, дающих взятку
•	тип должностного лица (сотрудник полиции, работник здравоохранения, сотрудник таможни и т. д.), которому дается взятка";ЛОЖЬ;;;;;;;
2;Уголовные преступления в соответствии с КПК ООН;a.1 Подкуп национальных публичных должностных лиц;a.1.2 Распространенность подкупа во взаимоотношениях с публичными должностными лицами среди коммерческих субъектов;Прямая оценка;;;Опрос бизнеса;"Обследования предприятий Всемирного банка (WBES) — это опросы на уровне фирм, проводимые в странах-клиентах Всемирного банка.
https://www.enterprisesurveys.org/en/enterprisesurveys";"Обследование предприятий фиксирует несколько описательных характеристик компаний-респондентов, включая:
-пол высшего руководителя,
-основной вид деятельности фирмы,
-региональное расположение фирмы,
-экспортный статус,
-количество сотрудников,
-степень иностранного участия в капитале и ряд других характеристик.
Следовательно, показатель может быть детализирован по уровням каждой из этих характеристик.";ЛОЖЬ;;;;;;;
3;Уголовные преступления в соответствии с КПК ООН;a.1 Подкуп национальных публичных должностных лиц;a.1.3 Общая денежная стоимость (в долларах США) взяток, выплаченных всеми лицами в течение предыдущих 12 месяцев;Прямая оценка;;;Опрос населения;Сумма денежных выражений всех взяток, уплаченных опрошенными физическими и юридическими лицами, имевшими контакт с государственными должностными лицами и давшими взятку в течение 12-месячного периода. Экстраполируется на общую численность населения, подверженного риску (тех, кто контактировал с государственными должностными лицами), с использованием весов обследования и методов статистической оценки.;"По видам услуг

По уровню дохода лиц, дающих взятку

По экономическим секторам (для предприятий)

По регионам или административным уровням";ЛОЖЬ;;;;;;;
4;Уголовные преступления в соответствии с КПК ООН;a.1 Подкуп национальных публичных должностных лиц;a.1.4 Восприятие масштаба коррупции в публичном секторе;Косвенные оценки;Восприятие;;Опрос населения;Количество лиц, ответивших, что они воспринимают государственный сектор как коррумпированный, деленное на общее число респондентов, умноженное на 100 и взвешенное в соответствии со схемой выборки.;"по возрасту и полу респондента

по ветвям власти (например: исполнительная, законодательная и судебная)

по уровню государственного управления (например: национальный и местный)";ЛОЖЬ;;;;;;;
5;Уголовные преступления в соответствии с КПК ООН;a.1 Подкуп национальных публичных должностных лиц;a.1.5 В секторе электронного правительства;Косвенные оценки;Риск;ОГРАНИЧЕНИЯ;Ведомственные данные;Количество лиц, совершивших государственную процедуру через цифровую платформу за последние 12 месяцев ÷ Общее количество лиц, совершивших хотя бы одну государственную процедуру за последние 12 месяцев × 100;"По возрасту и полу

По регионам или административным уровням

По типам государственных процедур";ЛОЖЬ;;;;;;;
6;Уголовные преступления в соответствии с КПК ООН;a.1 Подкуп национальных публичных должностных лиц;a.1.6 Сообщения о подкупе в отношениях с публичными должностными лицами от населения/коммерческих субъектов;Косвенные оценки;Риск;ОГРАНИЧЕНИЯ;Опрос населения / бизнеса;Количество жертв взяточничества, которые дали взятку государственному должностному лицу и сообщили об этом факте в компетентные органы или другие официально признанные механизмы разрешения конфликтов за прошлый календарный год или 12 месяцев, деленное на общее количество всех лиц, давших взятку государственному должностному лицу за прошлый календарный год или 12 месяцев, и умноженное на 100.;"По возрасту и полу заявителей

По регионам или административным уровням

По секторам или типам задействованных государственных услуг";ЛОЖЬ;;;;;;;
7;Уголовные преступления в соответствии с КПК ООН;a.1 Подкуп национальных публичных должностных лиц;a.1.7 Криминализация подкупа ;Косвенные оценки;Реагирование;ДЕ-ЮРЕ;Нормативно-правовая база;"Записывается бинарное значение («1» — полное соответствие, «0» — частичное соответствие или несоответствие). Согласно статье 15 ВООНК (Конвенции ООН против коррупции), каждое Государство-участник принимает такие законодательные и иные меры, какие могут потребоваться, с тем чтобы установить в качестве уголовно наказуемых следующие деяния, когда они совершаются умышленно:

а) обещание, предложение или предоставление государственному должностному лицу, лично или через посредников, какого-либо неправомерного преимущества для самого должностного лица или иного физического или юридического лица, с тем чтобы это должностное лицо совершило какое-либо действие или бездействие при выполнении своих должностных обязанностей (активный подкуп);

б) вымогательство или принятие государственным должностным лицом, лично или через посредников, какого-либо неправомерного преимущества для самого должностного лица или иного физического или юридического лица, с тем чтобы это должностное лицо совершило какое-либо действие или бездействие при выполнении своих должностных обязанностей (пассивный подкуп).";;ЛОЖЬ;;;;;;;
8;Уголовные преступления в соответствии с КПК ООН;a.1 Подкуп национальных публичных должностных лиц;a.1.8 Всестороннее определение термина «публичное должностное лицо» ;Косвенные оценки;Реагирование;ДЕ-ЮРЕ;Нормативно-правовая база;"Записывается бинарное значение («1» — полное соответствие, «0» — частичное или полное несоответствие). Публичное должностное лицо — это:

i) любое лицо, занимающее законодательную, исполнительную, административную или судебную должность Государства-участника, будь то по назначению или по избранию, на постоянной или временной основе, за вознаграждение или без такового, независимо от стажа или старшинства этого лица;

ii) любое другое лицо, выполняющее какую-либо публичную функцию, в том числе для государственного органа или государственного предприятия, или предоставляющее какую-либо публичную услугу, как это определено во внутреннем законодательстве Государства-участника и как это применяется в соответствующей области права этого Государства-участника;

iii) любое другое лицо, определяемое как «публичное должностное лицо» во внутреннем законодательстве Государства-участника. Тем не менее для целей некоторых конкретных мер, содержащихся в главе II КУОНК (Конвенции ООН против коррупции), под «публичным должностным лицом» может пониматься любое лицо, выполняющее какую-либо публичную функцию или предоставляющее какую-либо публичную услугу, как это определено во внутреннем законодательстве Государства-участника и как это применяется в соответствующей области права этого Государства-участника.";;ЛОЖЬ;;;;;;;
9;Уголовные преступления в соответствии с КПК ООН;a.1 Подкуп национальных публичных должностных лиц;a.1.9 Выявление подкупа;Косвенные оценки;Реагирование;ДЕ-ФАКТО;Ведомственные данные;Суммируйте общее количество случаев коррупции, официально выявленных и зафиксированных соответствующими органами (такими как антикоррупционные ведомства, правоохранительные органы, надзорные органы или аудиторские учреждения) в течение данного года.;"По типу механизма выявления (аудит, осведомители/разоблачители, СМИ и т. д.)

По регионам или административным уровням";ЛОЖЬ;;;;;;;
10;Уголовные преступления в соответствии с КПК ООН;a.1 Подкуп национальных публичных должностных лиц;a.1.10 Расследование случаев подкупа;Косвенные оценки;Реагирование;ДЕ-ФАКТО;Ведомственные данные;Коэффициент расследований взяточничества = (Количество лиц, находящихся под следствием по факту взяточничества за год ÷ Общая численность населения в том же году) × 100 000;"По возрасту и полу

По регионам или административным уровням

По секторам";ЛОЖЬ;;;;;;;
11;Уголовные преступления в соответствии с КПК ООН;a.1 Подкуп национальных публичных должностных лиц;a.1.11 Уголовное преследование за подкуп;Косвенные оценки;Реагирование;ДЕ-ФАКТО;Ведомственные данные;Коэффициент уголовного преследования за взяточничество = (Количество лиц, привлеченных к ответственности за взяточничество за год ÷ Общая численность населения в том же году) × 100 000;"По возрасту и полу

По регионам или административным уровням

По секторам";ЛОЖЬ;;;;;;;
12;Уголовные преступления в соответствии с КПК ООН;a.1 Подкуп национальных публичных должностных лиц;a.1.12 Осуждение за подкуп;Косвенные оценки;Реагирование;ДЕ-ФАКТО;Ведомственные данные;Коэффициент осуждения за взяточничество = (Количество лиц, привлеченных к уголовной ответственности за взяточничество ÷ Общая численность населения в том же году) × 100 000;"По возрасту и полу

По регионам или административным уровням

По секторам";ЛОЖЬ;;;;;;;
13;Уголовные преступления в соответствии с КПК ООН;a.1 Подкуп национальных публичных должностных лиц;a.1.13 Возвращенные активы, полученные в результате подкупа ;Косвенные оценки;Реагирование;ДЕ-ФАКТО;Ведомственные данные;"Сумма денежной стоимости всех активов, возвращенных по делам о взяточничестве в течение отчетного периода, включая:

активы, конфискованные в ходе уголовного судопроизводства;

активы, изъятые в ходе гражданского судопроизводства;

активы, возвращенные в рамках взаимной правовой помощи;

активы, возмещенные в рамках соглашений о признании вины или мировых соглашений.

Активы должны оцениваться на момент их возврата и конвертироваться в доллары США по официальному обменному курсу.";"По типу активов (наличные средства, недвижимость, финансовые инструменты, предметы роскоши и т. д.)

По механизму возврата (конфискация в рамках уголовного дела, гражданско-правовая конфискация, административный арест/изъятие, взаимная правовая помощь)

По юрисдикции (возврат внутри страны или из-за рубежа)";ЛОЖЬ;;;;;;;
14;Уголовные преступления в соответствии с КПК ООН;a.1 Подкуп национальных публичных должностных лиц;a.1.14 Total number of administrative sanctions;Косвенные оценки;Реагирование;ДЕ-ФАКТО;Ведомственные данные;"Сумма всех административных санкций, наложенных в течение отчетного года, включая:

Дисциплинарные меры в отношении государственных должностных лиц (предупреждения, отстранения от должности, понижения в должности, увольнения)

Дисквалификация компаний (лишение права на участие в государственных закупках)

Административные денежные штрафы";"По типу санкций (дисциплинарные меры против дисквалификации или денежных штрафов)

По объекту (государственные должностные лица против компаний)

По строгости санкций (предупреждения, отстранения, увольнения, временная или постоянная дисквалификация)";ЛОЖЬ;;;;;;;
15;Уголовные преступления в соответствии с КПК ООН;a.2 Хищение , неправомерное присвоение или иное нецелевое использование  имущества или публичных средств ;a.2.1 Дискреционное распределение средств;Косвенные оценки;Риск;ВОЗМОЖНОСТИ;Ведомственные данные;Общий объем государственного бюджета, распределенный вне процесса официального утверждения бюджета, деленный на общий объем утвержденного бюджета и умноженный на 100.;"По секторам (здравоохранение, оборона, инфраструктура и т. д.)

По административным уровням (национальный, региональный, местный)

По годам";ЛОЖЬ;;;;;;;
16;Уголовные преступления в соответствии с КПК ООН;a.2 Хищение , неправомерное присвоение или иное нецелевое использование  имущества или публичных средств ;a.2.2 Выявленное нецелевое использование публичных средств;Косвенные оценки;Риск;ОГРАНИЧЕНИЯ;Ведомственные данные;Общая денежная стоимость нарушений, установленных Высшим органом финансового контроля, деленная на общую денежную стоимость проверенного государственного бюджета и умноженная на 100.;"По секторам (например: здравоохранение, инфраструктура, образование)

По административным уровням (национальный, региональный, местный)

По годам или отчетным периодам

По типам выявленных нарушений";ЛОЖЬ;;;;;;;
17;Уголовные преступления в соответствии с КПК ООН;a.2 Хищение , неправомерное присвоение или иное нецелевое использование  имущества или публичных средств ;a.2.3 Периодичность ревизионных проверок;Косвенные оценки;Риск;ОГРАНИЧЕНИЯ;Ведомственные данные;"Суммируйте общее количество плановых проверок (аудитов), проведенных в течение отчетного периода.
Суммируйте общее количество внеплановых (адресных) проверок, проведенных за тот же период.";"По типу аудита (плановый против внепланового)

По секторам (например: здравоохранение, образование, оборона)

По административным уровням (национальный, региональный, местный)

По ведомствам или проверяемым объектам";ЛОЖЬ;;;;;;;
18;Уголовные преступления в соответствии с КПК ООН;a.2 Хищение , неправомерное присвоение или иное нецелевое использование  имущества или публичных средств ;a.2.4 Криминализация хищения, неправомерного присвоения или иного нецелевого использования имущества или публичных средств ;Косвенные оценки;Реагирование;ДЕ-ЮРЕ;Нормативно-правовая база;Бинарное значение «да/нет» в зависимости от полного соответствия определению ВООНК (Каждое Государство-участник принимает такие законодательные и иные меры, какие могут потребоваться, с тем чтобы установить в качестве уголовно наказуемых следующие деяния, когда они совершаются умышленно: хищение, неправомерное присвоение или иное нецелевое использование государственным должностным лицом в целях извлечения выгоды для себя самого или другого физического или юридического лица любого имущества, государственных или частных средств, или ценных бумаг, или любой другой ценной вещи, вверенных этому государственному должностному лицу в силу его должности).;;ЛОЖЬ;;;;;;;
19;Уголовные преступления в соответствии с КПК ООН;a.2 Хищение , неправомерное присвоение или иное нецелевое использование  имущества или публичных средств ;a.2.5 Регулирование управления ресурсами;Косвенные оценки;Реагирование;ДЕ-ЮРЕ;Нормативно-правовая база;"Бинарное значение «да/нет» в зависимости от полного соответствия определению ВООНК (Конвенции ООН против коррупции) в отношении нормативно-правовой базы, предусматривающей четкое разделение обязанностей и полномочий государственных должностных лиц, ответственных за управление ресурсами.

Разделение обязанностей: Организационный принцип, требующий, чтобы ключевые функции (например, санкционирование, хранение, ведение учета, проверка) были закреплены за разными должностными лицами, что снижает риск злоупотребления властью и мошенничества.

Регулирование управления ресурсами: Четкие, официальные правила или законы, определяющие роли, обязанности и линии подотчетности для всех государственных должностных лиц, участвующих в управлении государственными средствами и активами.";"По административному уровню (центральный, субнациональный, местный)

По типу функций (санкционирование, хранение, ведение учета, проверка)";ЛОЖЬ;;;;;;;
20;Уголовные преступления в соответствии с КПК ООН;a.2 Хищение , неправомерное присвоение или иное нецелевое использование  имущества или публичных средств ;a.2.6 Расследование случаев хищения, неправомерного присвоения или иного нецелевого использования;Косвенные оценки;Реагирование;ДЕ-ФАКТО;Ведомственные данные;Общее количество лиц, находящихся под следствием по факту хищения, неправомерного присвоения или иного нецелевого использования имущества, зафиксированное в данном году, деленное на общую численность населения в том же году и умноженное на 100 000.;"По возрасту и полу

По регионам или административным уровням

По секторам";ЛОЖЬ;;;;;;;
21;Уголовные преступления в соответствии с КПК ООН;a.2 Хищение , неправомерное присвоение или иное нецелевое использование  имущества или публичных средств ;a.2.7 Уголовное преследование за хищение, неправомерное присвоение или иное нецелевое использование;Косвенные оценки;Реагирование;ДЕ-ФАКТО;Ведомственные данные;Общее количество лиц, привлеченных к уголовной ответственности за хищение, неправомерное присвоение или иное нецелевое использование имущества, зафиксированное в данном году, деленное на общую численность населения в том же году и умноженное на 100 000.;"По возрасту и полу

По регионам или административным уровням

По секторам";ЛОЖЬ;;;;;;;
22;Уголовные преступления в соответствии с КПК ООН;a.2 Хищение , неправомерное присвоение или иное нецелевое использование  имущества или публичных средств ;a.2.8 Осуждение за хищение, неправомерное присвоение или иное нецелевое использование;Косвенные оценки;Реагирование;ДЕ-ФАКТО;Ведомственные данные;Общее количество лиц, осужденных за хищение, неправомерное присвоение или иное нецелевое использование имущества, зафиксированное в данном году, деленное на общую численность населения в том же году и умноженное на 100 000.;"По возрасту и полу

По регионам или административным уровням

По секторам";ЛОЖЬ;;;;;;;
23;Уголовные преступления в соответствии с КПК ООН;a.2 Хищение , неправомерное присвоение или иное нецелевое использование  имущества или публичных средств ;a.2.9 Возвращенные активы, полученные в результате хищения, неправомерного присвоения или иного нецелевого использования;Косвенные оценки;Реагирование;ДЕ-ФАКТО;Ведомственные данные;"Сумма денежной стоимости всех активов, возвращенных по делам о хищении, неправомерном присвоении или ином нецелевом использовании имущества, зафиксированных в течение отчетного периода, включая:

активы, конфискованные в ходе уголовного судопроизводства;

активы, изъятые в ходе гражданского судопроизводства;

активы, возвращенные в рамках взаимной правовой помощи;

активы, возмещенные в рамках соглашений о признании вины или мировых соглашений.

Активы должны оцениваться на момент их возврата и конвертироваться в доллары США по официальному обменному курсу.";"По типу активов (наличные средства, недвижимость, финансовые инструменты, предметы роскоши и т. д.)

По механизму возврата (конфискация в рамках уголовного дела, гражданско-правовая конфискация, административный арест/изъятие, взаимная правовая помощь)

По юрисдикции (возврат внутри страны или из-за рубежа)";ЛОЖЬ;;;;;;;
24;Уголовные преступления в соответствии с КПК ООН;a.2 Хищение , неправомерное присвоение или иное нецелевое использование  имущества или публичных средств ;a.2.10 Общее количество административных санкций за растрату, присвоение или нецелевое использование средств, зарегистрированных в данном году;Косвенные оценки;Реагирование;ДЕ-ФАКТО;Ведомственные данные;Суммируйте общее количество окончательных административных санкций (независимо от типа), наложенных в течение отчетного года за случаи хищения, неправомерного присвоения или иного нецелевого использования имущества.;"По возрасту и полу

По типу санкций (увольнение, понижение в должности, штраф, дисквалификация и т. д.)";ЛОЖЬ;;;;;;;
25;Меры по предупреждению;b.1 Открытый набор кадров на основании заслуг ;b.1.1 Открытый набор кадров;Прямая оценка;;;Ведомственные данные;"Доля сотрудников государственного сектора, назначенных на внеконкурсной основе =
(Количество сотрудников государственного сектора, назначенных без проведения открытого и конкурентного отбора за последние 12 месяцев ÷ Общее количество сотрудников государственного сектора, назначенных за последние 12 месяцев) × 100";"По возрасту и полу

По типу контракта (бессрочный, временный)

По уровню государственного управления (национальный, субнациональный, местный)

По секторам (согласно классификации функций органов государственного управления — COFOG)

По географическим зонам (регионам)";ЛОЖЬ;;;;;;;
26;Меры по предупреждению;b.1 Открытый набор кадров на основании заслуг ;b.1.2. Использование личных связей для получения публичной должности;Косвенные оценки;Восприятие;;Опрос населения;"Процент государственных служащих, отмечающих влияние личных связей при приеме на работу =
(Количество государственных служащих, которые считают, что на процессы подбора персонала в данном году влияют личные связи ÷ Общее количество государственных служащих, опрошенных в том же году) × 100";"По возрасту и полу

По типу контракта (бессрочный, временный)

По уровню государственного управления (национальный, субнациональный, местный)

По секторам (согласно классификации функций органов государственного управления — COFOG)

По географическим зонам (регионам)";ЛОЖЬ;;;;;;;
27;Меры по предупреждению;b.1 Открытый набор кадров на основании заслуг ;b.1.3 Набор кадров без проведения конкурентной процедуры;Косвенные оценки;Риск;ВОЗМОЖНОСТИ;Ведомственные данные;"Доля открытых конкурсов с одним кандидатом =
(Количество открытых конкурсов, на которые была подана только одна заявка в данном году ÷ Общее количество открытых конкурсов, проведенных в течение того же года) × 100";"По возрасту и полу

По типу контракта (бессрочный, временный)

По уровню государственного управления (национальный, субнациональный, местный)

По секторам (согласно классификации функций органов государственного управления — COFOG)

По географическим зонам (регионам)";ЛОЖЬ;;;;;;;
28;Меры по предупреждению;b.1 Открытый набор кадров на основании заслуг ;b.1.4 Наличие механизма обращения с жалобой для отклоненных кандидатов ;Косвенные оценки;Риск;ОГРАНИЧЕНИЯ;Ведомственные данные;"Бинарная оценка:

0 = Механизм подачи жалоб для отклоненных кандидатов отсутствует.

1 = Механизм подачи жалоб для отклоненных кандидатов существует и функционирует на основании четких законных полномочий; его институциональная структура обеспечивает независимость и беспристрастность; он широко известен и легко доступен для всех кандидатов; он публикует агрегированную информацию о принятых решениях и корректирующих мерах.";"По уровню государственного управления (национальный, субнациональный, местный)

По секторам (согласно классификации функций органов государственного управления — COFOG)

По географическому положению (местонахождению)";ЛОЖЬ;;;;;;;
29;Меры по предупреждению;b.1 Открытый набор кадров на основании заслуг ;b.1.5 Должности, уязвимые для коррупции;Косвенные оценки;Риск;ОГРАНИЧЕНИЯ;Ведомственные данные;"Коэффициент оценки рисков при приеме на работу =
(Количество случаев приема на должности, уязвимые для коррупции, при которых была проведена оценка рисков в данном году ÷ Общее количество случаев приема на должности, уязвимые для коррупции, в том же году) × 1 000";"По рангу (категории) государственного служащего

По типу контракта (бессрочный, временный)

По возрасту и полу кандидата

По типу применяемой оценки рисков (проверка на добропорядочность (integrity check), проверка биографических данных (background verification), декларация о конфликте интересов, раскрытие финансовой информации, полиграф / спецпроверка)

По уровню государственного управления (национальный, субнациональный, местный)

По секторам (согласно классификации функций органов государственного управления — COFOG)

По географическому положению (местонахождению)";ЛОЖЬ;;;;;;;
30;Меры по предупреждению;b.1 Открытый набор кадров на основании заслуг ;b.1.6 Режим регулирования гражданской службы;Косвенные оценки;Реагирование;ДЕ-ЮРЕ;Нормативно-правовая база;"Бинарная оценка:

0 = Система государственной службы, основанная на меритократическом подборе кадров в государственном секторе, отсутствует.

1 = Система государственной службы, основанная на меритократическом подборе кадров в государственном секторе, существует и четко определена законом; она имеет всесторонние операционные руководства, а также механизмы надзора и обеспечения прозрачности.";"По ветвям власти (законодательная, исполнительная, судебная)

По уровню государственного управления (национальный, субнациональный, местный)

По секторам (согласно классификации функций органов государственного управления — COFOG)

По географическому положению / юрисдикции";ЛОЖЬ;;;;;;;
31;Меры по предупреждению;b.1 Открытый набор кадров на основании заслуг ;b.1.7 Прозрачность процедур набора кадров;Косвенные оценки;Реагирование;ДЕ-ЮРЕ;Ведомственные данные;"Бинарная оценка:

0 = Процедуры найма, продвижения по службе, выхода на пенсию, увольнения, а также информация о шкале заработной платы являются общедоступными.

1 = Процедуры найма, продвижения по службе, выхода на пенсию, увольнения, а также информация о шкале заработной платы не являются общедоступными.";"По ветвям власти (законодательная, исполнительная, судебная)

По уровню государственного управления (национальный, субнациональный, местный)

По секторам (согласно классификации функций органов государственного управления — COFOG)

По географическому положению / юрисдикции

По типу доступной информации (процедуры найма, продвижения по службе, выхода на пенсию, увольнения и шкала заработной платы)";ЛОЖЬ;;;;;;;
32;Меры по предупреждению;b.1 Открытый набор кадров на основании заслуг ;b.1.8 Нарушения процедур набора кадров;Косвенные оценки;Реагирование;ДЕ-ФАКТО;Ведомственные данные;"Коэффициент нарушений при приеме на работу =
(Количество назначений в государственном секторе, которые были аннулированы из-за нарушений в процессе найма в данном году ÷ Общее количество назначений в государственном секторе за тот же год) × 1 000";"По ветвям власти (законодательная, исполнительная, судебная)

По уровню государственного управления (национальный, субнациональный, местный)

По секторам (согласно классификации функций органов государственного управления — COFOG)

По географическому положению / юрисдикции

По рангу (категории) государственного служащего

По типу контракта (бессрочный, временный)

По возрасту и полу кандидата

По типу нарушения (назначение на внеконкурсной основе / конфликт интересов / фальсификация документов / несанкционированный найм / политическое вмешательство)";ЛОЖЬ;;;;;;;
33;Меры по предупреждению;b.1 Открытый набор кадров на основании заслуг ;b.1.9 Число жалоб на механизмы набора кадров в предыдущие 12 месяцев;Косвенные оценки;Реагирование;ДЕ-ФАКТО;Ведомственные данные;"Коэффициент жалоб на процесс подбора персонала =
(Количество жалоб, поступивших в апелляционные механизмы в отношении подбора персонала в данном году ÷ Общее количество завершенных процедур найма за тот же год) × 1 000";"По ветвям власти (законодательная, исполнительная, судебная)

По уровню государственного управления (национальный, субнациональный, местный)

По секторам (согласно классификации функций органов государственного управления — COFOG)

По географическому положению / юрисдикции

По рангу (категории) государственного служащего

По типу контракта (бессрочный, временный)

По возрасту и полу заявителя (лица, подавшего жалобу)

По причине жалобы (предполагаемый фаворитизм / отсутствие прозрачности / процедурные нарушения / дискриминация / манипуляции с тестами или интервью / нарушение критериев отбора)

По результату (аннулирование найма / восстановление кандидата / дисциплинарное взыскание / только рекомендация)";ЛОЖЬ;;;;;;;
34;Меры по предупреждению;b.3 Коллизия интересов ;b.3.1 Число выявленных коллизий интересов, не заявленных публичными должностными лицами;Прямая оценка;;;Ведомственные данные;Общее количество выявленных в ходе расследований, аудитов или посредством других механизмов надзора незадекларированных конфликтов интересов в течение календарного года.;"По ветвям власти (законодательная, исполнительная, судебная)

По государственным институтам (ведомствам/организациям)

По типу конфликта (финансовый / нефинансовый)

По методу выявления (проверка деклараций, аудит, сообщение осведомителя, журналистское расследование и т. д.)

По географическим зонам (регионам)";ЛОЖЬ;;;;;;;
35;Меры по предупреждению;b.3 Коллизия интересов ;b.3.2 Наличие режима регулирования раскрытия информации об активах и коллизии интересов;Косвенные оценки;Риск;ОГРАНИЧЕНИЯ;Ведомственные данные;"Бинарный ответ (1 = Существует, 0 = Не существует).

Для подтверждения существования системы декларирования активов и конфликта интересов должны быть соблюдены все следующие критерии:

Четкий мандат и охват. Нормативные акты определяют, какие должностные лица обязаны подавать декларации, а также какие типы активов, доходов, интересов и аффилированности подлежат отчетности.

Процедуры. Наличие стандартизированных форматов и систем для обеспечения последовательности раскрытия данных и возможности проведения периодических проверок.

Руководства. Должностным лицам предоставляются четкие инструкции и обучение в дополнение к нормативным актам, разъясняющие, что именно и каким образом должно быть задекларировано.

Верификация (Проверка). Наличие четких процедур пересмотра и верификации, включая перекрестные проверки, аудиты, случайную выборку и автоматизированное сопоставление с другими государственными реестрами.

Управление конфликтом интересов. Существуют механизмы, позволяющие декларировать различные типы конфликтов, включая реальный, потенциальный и мнимый (кажущийся) конфликт интересов.

Санкции. Очерчены полномочия по расследованию жалоб, наложению санкций и установлению четкой связи между нарушениями и мерами принуждения.

Прозрачность. Имеются четкие определения того, какие данные о соблюдении требований и правоприменении должны публиковаться и с какой периодичностью.";По ветвям власти;ЛОЖЬ;;;;;;;
36;Меры по предупреждению;b.3 Коллизия интересов ;b.3.3 Контрольный(ые) орган(ы), осуществляющий(ие) мониторинг и управление в отношении раскрытия информации о коллизии интересов;Косвенные оценки;Риск;ОГРАНИЧЕНИЯ;Ведомственные данные;"Бинарная оценка: 1 = Контрольный орган существует и является надлежащим, 0 = Не существует.

Для определения надлежащего характера контрольного органа по мониторингу и управлению конфликтами интересов, такой орган должен соответствовать всем следующим критериям:

Руководство. Наличие как минимум одного четко назначенного ведущего органа (или сети), ответственного за управление и надзор за раскрытием информации.

Ресурсы. Подтвержденная операционная и бюджетная независимость, а также наличие адекватных ресурсов у органа или органов, на которые возложены данные задачи.

Операционализация. Наличие процедур для систематического установления стандартов, регулярного и внеочередного раскрытия информации, специализированного обучения и постоянного консультирования.

Заинтересованные стороны. Наличие сети офицеров по этике или локальных координаторов в министерствах и ведомствах для поддержки реализации мер на местах.

Верификация. Наличие механизмов проверки, пересмотра и перекрестной сверки данных в декларациях (а не просто пассивное получение документов).

Санкции. Наличие полномочий по рассмотрению жалоб, проведению расследований и наложению санкций, а также четкая связь с мерами принудительного исполнения в случае выявления нарушений.

Прозрачность. Наличие стандартов для последовательного периодического распространения данных о конфликтах интересов.";По ветвям власти;ЛОЖЬ;;;;;;;
37;Меры по предупреждению;b.3 Коллизия интересов ;b.3.4 Периоды на размышление при найме публичных должностных лиц;Косвенные оценки;Риск;ОГРАНИЧЕНИЯ;Ведомственные данные;"Бинарная оценка: 1 = Период ожидания («cooling-off period») существует и является эффективным, 0 = Не существует.

Период ожидания (ограничения на последующее трудоустройство после увольнения с госслужбы) должен соответствовать всем следующим критериям:

Всесторонняя правовая база. Наличие четких законов или нормативных актов, устанавливающих обязательные периоды ожидания с указанием их продолжительности (от 6 месяцев до 2 лет), охвата (высшие руководящие должности и должности с высоким коррупционным риском), сферы применения (сектора и виды деятельности) и санкций.

Механизм обеспечения соблюдения. Наличие полномочного органа, обладающего достаточными ресурсами и компетенцией для мониторинга соблюдения требований, расследования потенциальных нарушений и наложения санкций.

Прозрачность. Регулярная публикация агрегированных данных о применении ограничений, принятых решениях и наложенных санкциях (с учетом соблюдения конфиденциальности) для стимулирования законопослушности и укрепления доверия общества.";"По ветвям власти

По уровню должностного лица

По продолжительности (сроку действия ограничений)";ЛОЖЬ;;;;;;;
38;Меры по предупреждению;b.3 Коллизия интересов ;b.3.5 Наличие нормативных актов о коллизии интересов, включая четкие указания относительно того, какие коллизии подлежат раскрытию и как сообщать о них, а также относительно последствий;Косвенные оценки;Реагирование;ДЕ-ЮРЕ;Нормативно-правовая база;"Бинарная оценка: 1 = Регулирование конфликта интересов существует и является всеобъемлющим, 0 = Не существует.

Регулирование конфликта интересов должно соответствовать всем следующим критериям:

Всеобъемлющий охват. Определение всех соответствующих категорий государственных должностных лиц и охват всех видов интересов, которые могут ненадлежащим образом повлиять на исполнение служебных обязанностей.

Четкие определения. Наличие ясных определений того, что составляет реальный, потенциальный или мнимый (кажущийся) конфликт интересов.

Типология ситуаций. Четкое определение ситуаций и типов отношений, которые могут спровоцировать конфликт интересов.

Обязательные требования к раскрытию информации. Наличие установленных процедур и периодичности декларирования.

Процедуры управления. Наличие механизмов разрешения конфликтов интересов в случае их возникновения для обеспечения беспристрастности при принятии официальных решений.

Санкции. Наличие мер ответственности за несоблюдение требований или предоставление недостоверных сведений.";По ветвям власти;ЛОЖЬ;;;;;;;
39;Меры по предупреждению;b.3 Коллизия интересов ;b.3.6 Наличие нормативных актов о лоббистской деятельности, включая четкие указания относительно того, какая лоббистская деятельность подлежит раскрытию и как сообщать о ней ;Косвенные оценки;Реагирование;ДЕ-ЮРЕ;Нормативно-правовая база;"Бинарная оценка: 1 = Регулирование лоббизма существует и является всеобъемлющим, 0 = Не существует.

Надлежащее регулирование лоббистской деятельности должно охватывать все следующие ключевые элементы:

Всеобъемлющий и четкий охват. Оно должно четко определять, что именно считается лоббизмом и кто квалифицируется как лоббист.

Реестр. Наличие обязательного публичного реестра лоббистов, в котором должны регистрироваться все лоббисты с указанием сведений об их деятельности, работодателях или клиентах.

Требования к раскрытию информации. Они должны включать: вопросы, по которым велось лоббирование; должностных лиц, с которыми устанавливался контакт; даты и частоту взаимодействия; используемые каналы связи; финансовые расходы на представительские нужды и подарки; а также личности работодателей/клиентов.

Четкое руководство по отчетности. Указание того, как и когда должны представляться отчеты, включая обновления и исправления.

Обеспечение соблюдения и санкции. Определение органа, ответственного за мониторинг лоббистской деятельности, проведение расследований и наложение санкций.

Каналы сообщения о нарушениях. Создание механизмов для сообщения о любых выявленных нарушениях.

Прозрачность. Как реестр, так и отчеты о раскрытии информации должны быть общедоступными и регулярно обновляться.";По ветвям власти;ЛОЖЬ;;;;;;;
40;Меры по предупреждению;b.3 Коллизия интересов ;b.3.7 Доля публичных должностных лиц, подпавших под санкции за нераскрытие информации о коллизии интересов в предыдущем году ;Косвенные оценки;Реагирование;ДЕ-ФАКТО;Ведомственные данные;(Количество должностных лиц, привлеченных к ответственности за нераскрытие конфликта интересов ÷ Общее количество должностных лиц, обязанных раскрывать конфликт интересов) × 100;"По ветвям власти

По уровню должностного лица

По типу санкции (взыскания)";ЛОЖЬ;;;;;;;
41;Меры по предупреждению;b.5 Публичные закупки ;b.5.1 Доля публичных контрактов, заключенных без конкуренции ;Прямая оценка;;;Ведомственные данные;(Количество государственных контрактов, заключенных на внеконкурсной основе ÷ Общее количество государственных контрактов) × 100;"По закупающей организации (государственному заказчику)

По секторам (согласно классификации функций органов государственного управления — COFOG)

По способу присуждения контракта (типу определения поставщика)

По географическому положению (региону)";ЛОЖЬ;;;;;;;
42;Меры по предупреждению;b.5 Публичные закупки ;b.5.2 Прозрачная процедура закупок;Косвенные оценки;Риск;ОГРАНИЧЕНИЯ;Ведомственные данные;"(Количество тендеров с полным набором данных ÷ Общее количество тендеров) × 100

Все пять элементов данных по каждому государственному тендеру должны быть общедоступными:

Открытый призыв / приглашение к участию

Критерии отбора

Описание процесса оценки

Уведомление о присуждении контракта (включая цену)

Информация о правах на апелляцию / пересмотр";"По закупающей организации (государственному заказчику)

По секторам (согласно классификации функций органов государственного управления — COFOG)

По способу присуждения контракта

По географическому положению (региону)";ЛОЖЬ;;;;;;;
43;Меры по предупреждению;b.5 Публичные закупки ;b.5.3 Наличие эффективных средств правовой защиты для участников торгов ;Косвенные оценки;Риск;ОГРАНИЧЕНИЯ;Ведомственные данные;"Наличие эффективных средств правовой защиты:

Двухбалльная система оценки:

0 баллов: Эффективные средства правовой защиты отсутствуют.

1 балл: Эффективное средство правовой защиты существует (установлено законодательно).

2 балла: Эффективное средство правовой защиты существует, и имеется институционализированный потенциал для его реализации (оно закреплено законодательно, действует независимо, имеет стандартные операционные процедуры и регулярно публикует результаты своей деятельности).";По секторам (согласно классификации функций органов государственного управления — COFOG);ЛОЖЬ;;;;;;;
44;Меры по предупреждению;b.5 Публичные закупки ;b.5.4 Наличие черных и/или белых списков поставщиков ;Косвенные оценки;Риск;ОГРАНИЧЕНИЯ;Ведомственные данные;"Оценка от 0 до 5 (Да = 1, Нет = 0). Действующая система должна:

иметь законодательную базу;

охватывать все министерства;

иметь функцию публичного поиска;

обновляться не реже одного раза в месяц;

указывать основания для включения поставщиков в список.";По секторам (согласно классификации функций органов государственного управления — COFOG);ЛОЖЬ;;;;;;;
45;Меры по предупреждению;b.5 Публичные закупки ;b.5.5 Соблюдение нормативно-правовых актов и процедур, касающихся публичных закупок, в соответствии со статьей 9 КПК ООН ;Косвенные оценки;Реагирование;ДЕ-ЮРЕ;Ведомственные данные;"50 вопросов по закупкам разделены на пять ключевых субобластей, отражающих структуру Статьи 9(1) КПоК ООН:

Общая нормативная база (Вопросы 1-5): Правовая основа и соответствие международным стандартам

Распространение информации и прозрачность (Вопросы 6-25): Требования к публикации, тендерная документация и доступность

Объективность принятия решений (Вопросы 26-40): Методы закупок, критерии присуждения и процедуры оценки

Внутренние системы пересмотра (Вопросы 41-47): Механизмы оспаривания и апелляционные процессы

Добропорядочность персонала (Вопросы 48-50): Проверка сотрудников, обучение и управление конфликтом интересов

Показатель соответствия в сфере закупок = Σ (Оценка субобласти × Вес)
Где Оценка субобласти = (Количество ответов «Да» / Общее количество вопросов) × 100";"По субобластям (отдельные оценки для каждой из пяти субобластей закупок)

По секторам (согласно классификации функций органов государственного управления — COFOG)";ЛОЖЬ;;;;;;;
46;Меры по предупреждению;b.5 Публичные закупки ;"b.5.6 Нормы о публичных закупках во время кризиса/чрезвычайной ситуации 
Наличие исключений из обычных процедур на случай чрезвычайных ситуаций";Косвенные оценки;Реагирование;ДЕ-ЮРЕ;Ведомственные данные;"Бинарная оценка по каждому элементу структуры (1 = полное соответствие, 0 = несоответствие).

Упрощенные процедуры, инициируемые в случае стихийных бедствий или неотложных угроз общественному здравоохранению, часто допускающие прямое присуждение контрактов или сокращенные сроки. Чрезвычайная нормативно-правовая база существует и содержит:

четкие критерии инициирования (триггеры);

финансовый лимит (потолок);

последующую (ex-post) публикацию в течение 30 дней;

последующую (ex-post) проверку соотношения «цена-качество» или обоснованности цены.";"По секторам (согласно классификации функций органов государственного управления — COFOG)

По типу чрезвычайной ситуации";ЛОЖЬ;;;;;;;
47;Меры по предупреждению;b.5 Публичные закупки ;b.5.7 Доля осуждений в уголовном порядке  в связи с нарушениями закупочных процедур ;Косвенные оценки;Реагирование;ДЕ-ФАКТО;Ведомственные данные;(Количество окончательных обвинительных приговоров по уголовным делам, связанным с коррупцией в сфере закупок, сговором, манипулированием результатами торгов или мошенничеством за год ÷ Количество предъявленных обвинительных заключений за год) × 100;По секторам (согласно классификации функций органов государственного управления — COFOG);ЛОЖЬ;;;;;;;
48;Меры по предупреждению;b.5 Публичные закупки ;b.5.8 Число административных санкций в отношении компаний за причастность к нарушениям закупочных процедур, например запрет на участие в торгах;Косвенные оценки;Реагирование;ДЕ-ФАКТО;Ведомственные данные;Общее количество вынесенных за год окончательных решений о наложении административных взысканий;По типу санкции (дисквалификация/запрет на участие в закупках, приостановление деятельности, аннулирование лицензии, денежный штраф);ЛОЖЬ;;;;;;;
49;Условия, способствующие сообщениям о коррупции и противодействию ей;c.2 Публичная отчетность и доступ к информации ;c.2.1 Запросы о доступе к информации;Прямая оценка;;;Ведомственные данные;;;ЛОЖЬ;;;;;;;
50;Условия, способствующие сообщениям о коррупции и противодействию ей;c.2 Публичная отчетность и доступ к информации ;c.2.2 Наличие упрощенных процедур;Косвенные оценки;Риск;ВОЗМОЖНОСТИ;Ведомственные данные;;;ЛОЖЬ;;;;;;;
51;Условия, способствующие сообщениям о коррупции и противодействию ей;c.2 Публичная отчетность и доступ к информации ;c.2.3 Исключения;Косвенные оценки;Риск;ВОЗМОЖНОСТИ;Ведомственные данные;;;ЛОЖЬ;;;;;;;
52;Условия, способствующие сообщениям о коррупции и противодействию ей;c.2 Публичная отчетность и доступ к информации ;c.2.4 Наличие регулирующего органа;Косвенные оценки;Риск;ОГРАНИЧЕНИЯ;Ведомственные данные;;;ЛОЖЬ;;;;;;;
53;Условия, способствующие сообщениям о коррупции и противодействию ей;c.2 Публичная отчетность и доступ к информации ;c.2.5 Деятельность гражданского общества;Косвенные оценки;Риск;ОГРАНИЧЕНИЯ;Ведомственные данные;;;ЛОЖЬ;;;;;;;
54;Условия, способствующие сообщениям о коррупции и противодействию ей;c.2 Публичная отчетность и доступ к информации ;c.2.6 Средства массовой информации;Косвенные оценки;Риск;ОГРАНИЧЕНИЯ;Открытые источники;;;ЛОЖЬ;;;;;;;
55;Условия, способствующие сообщениям о коррупции и противодействию ей;c.2 Публичная отчетность и доступ к информации ;c.2.7 Наличие нормативной базы для доступа к информации;Косвенные оценки;Реагирование;ДЕ-ЮРЕ;Нормативно-правовая база;;;ЛОЖЬ;;;;;;;
56;Условия, способствующие сообщениям о коррупции и противодействию ей;c.2 Публичная отчетность и доступ к информации ;c.2.8. Механизмы обжалования;Косвенные оценки;Реагирование;ДЕ-ЮРЕ;Нормативно-правовая база;;;ЛОЖЬ;;;;;;;
57;Условия, способствующие сообщениям о коррупции и противодействию ей;c.2 Публичная отчетность и доступ к информации ;c.2.9 Заблаговременная публикация информации, в том числе о рисках коррупции;Косвенные оценки;Реагирование;ДЕ-ФАКТО;Ведомственные данные;;;ЛОЖЬ;;;;;;;
;;;;;;;;;;ЛОЖЬ;;;;;;;
